<?xml version="1.0" encoding="UTF-8"?>
<project-private xmlns="http://www.netbeans.org/ns/project-private/1">
    <editor-bookmarks xmlns="http://www.netbeans.org/ns/editor-bookmarks/2" lastBookmarkId="0"/>
    <open-files xmlns="http://www.netbeans.org/ns/projectui-open-files/2">
        <group>
            <file>file:/C:/Users/212602723/Documents/OOH-System-create%20user/Out_of_hours_system/src/out_of_hours_core/Manager.java</file>
            <file>file:/C:/Users/212602723/Documents/OOH-System-create%20user/Out_of_hours_system/src/out_of_hours_core/OohCoord.java</file>
            <file>file:/C:/Users/212602723/Documents/OOH-System-create%20user/Out_of_hours_system/src/out_of_hours_core/Shift.java</file>
            <file>file:/C:/Users/212602723/Documents/OOH-System-create%20user/Out_of_hours_system/src/out_of_hours_gui/OohGui.java</file>
            <file>file:/C:/Users/212602723/Documents/OOH-System-create%20user/Out_of_hours_system/src/out_of_hours_core/Quarter.java</file>
        </group>
    </open-files>
</project-private>
